Date,AMC,GME,ORCL,HD,PFE
2/26/2016,23.299999,30.540001,36.959999,126.260002,28.681213
2/29/2016,24.030001,30.82,36.779999,124.120003,28.149904
3/1/2016,24.879999,30.940001,37.990002,125.699997,28.50095
3/2/2016,25.35,31.290001,37.759998,125.589996,28.444023
3/3/2016,25.700001,32.709999,37.889999,126.800003,28.358635
3/4/2016,27.02,31.23,37.889999,125.559998,28.187857
3/7/2016,28.68,30.74,38.360001,126.169998,28.263758
3/8/2016,28.389999,30.120001,38.150002,126.720001,27.855787
3/9/2016,28.440001,31.290001,38.48,126.029999,28.216318
3/10/2016,28.950001,30.440001,38.049999,125.889999,28.074003
3/11/2016,29.540001,30.75,38.950001,128.460007,28.937382
3/14/2016,29.389999,31.66,38.700001,128.839996,28.557875
3/15/2016,28.879999,30.780001,38.740002,129.710007,28.026566
3/16/2016,29,31.91,40.220001,130.449997,27.552181
3/17/2016,28.98,31.360001,40.610001,130.880005,27.836811
3/18/2016,29.41,30.83,41.48,131.350006,27.941175
3/21/2016,28.85,30.85,41.610001,131.009995,28.529411
3/22/2016,28.35,30.18,41.380001,130.589996,28.823528
3/23/2016,27.969999,30.370001,40.75,130.220001,28.643265
3/24/2016,28.059999,30.27,40.970001,130.460007,28.538898
3/28/2016,28.73,30.09,40.619999,131.080002,28.254269
3/29/2016,28.950001,31.51,40.700001,132.470001,28.510435
3/30/2016,28.360001,31.76,40.970001,133.419998,28.529411
3/31/2016,27.99,31.73,40.91,133.429993,28.121443
4/1/2016,28.639999,31.34,41.16,134.850006,28.50095
4/4/2016,27.83,30.93,41.07,134.850006,29.146111
4/5/2016,27.52,30.290001,40.529999,134.580002,29.753321
4/6/2016,28.120001,30.09,40.75,135.440002,31.242884
4/7/2016,27.299999,29.120001,39.970001,133.869995,31.081594
4/8/2016,27.360001,29.49,40.360001,133.619995,30.834915
4/11/2016,26.950001,29.879999,40.389999,133.009995,30.256166
4/12/2016,27.389999,30.09,40.419998,134.380005,30.32258
4/13/2016,28.16,31.469999,41.310001,133.839996,30.872866
4/14/2016,27.860001,31.65,41.240002,134.369995,30.97723
4/15/2016,27.57,31.790001,41.02,135.009995,30.834915
4/18/2016,28.219999,32.209999,41.240002,136.800003,30.93928
4/19/2016,27.75,32.450001,41.060001,135.440002,31.204933
4/20/2016,27.77,32.889999,41.099998,135.190002,31.527514
4/21/2016,27.459999,32.310001,40.990002,134.600006,31.537003
4/22/2016,27.459999,32.799999,40.700001,135.660004,31.565466
4/25/2016,26.99,32.799999,40.779999,135.649994,31.508539
4/26/2016,27.42,33.32,40.650002,135.339996,31.356735
4/27/2016,28.01,33.380001,40.849998,135.75,31.309298
4/28/2016,28.23,32.900002,40.330002,132.729996,31.223909
4/29/2016,28.18,32.799999,39.860001,133.889999,31.034157
5/2/2016,28.889999,32.360001,40.299999,136.050003,31.119545
5/3/2016,28.530001,31.299999,39.68,134.539993,31.973434
5/4/2016,28.76,30.74,39.290001,135.160004,31.688805
5/5/2016,28.870001,30.110001,39.23,134.669998,31.850096
5/6/2016,29.15,30.09,39.41,135.699997,31.859583
5/9/2016,29.15,30.190001,39.360001,136.240005,32.087288
5/10/2016,29.93,30.52,40.02,137.509995,32.06831
5/11/2016,29.65,29.200001,39.650002,134.300003,31.461102
5/12/2016,29.23,29.1,39.82,134.190002,31.489565
5/13/2016,29.309999,28.73,39.610001,133.130005,31.489565
5/16/2016,29.33,29.02,39.970001,135.339996,31.669828
5/17/2016,29.309999,28.459999,39.599998,132,31.337761
5/18/2016,28.9,28.030001,39.470001,131.770004,31.470589
5/19/2016,28.030001,28.549999,38.84,131.729996,31.669828
5/20/2016,28.23,28.48,39.41,131.850006,32.011387
5/23/2016,28.15,28.469999,39.18,131.419998,31.944971
5/24/2016,28.66,28.700001,39.900002,133.360001,32.35294
5/25/2016,28.48,29.73,40.130001,133.199997,32.590134
5/26/2016,28.530001,29.98,39.950001,134.050003,32.666035
5/27/2016,29.120001,28.799999,40.07,133.940002,32.836811
5/31/2016,28.74,29.1,40.200001,132.119995,32.922199
6/1/2016,28.93,28.950001,40.259998,131.830002,32.969639
6/2/2016,28.99,28.889999,38.66,132.410004,33.083492
6/3/2016,28.58,28.629999,39.099998,131.740005,32.912712
6/6/2016,28.190001,28.469999,39.439999,129.190002,33.140415
6/7/2016,27.91,28.459999,39.130001,129.919998,33.055027
6/8/2016,27.9,28.23,39.279999,129.589996,33.444023
6/9/2016,27.82,27.27,39.049999,129.300003,33.50095
6/10/2016,26.940001,26.530001,38.740002,128.830002,33.481972
6/13/2016,26.530001,26.030001,38.619999,127.830002,32.960152
6/14/2016,26.58,25.73,38.830002,125.239998,33.197342
6/15/2016,26.860001,26.129999,38.439999,126.529999,33.007591
6/16/2016,27.23,25.93,38.639999,127.360001,32.969639
6/17/2016,27.049999,26.15,39.68,127.139999,32.466793
6/20/2016,27.4,26.4,39.73,127.620003,32.732449
6/21/2016,27.1,25.84,39.990002,127.739998,32.969639
6/22/2016,26.93,26,40.009998,127.599998,32.703983
6/23/2016,27.24,26.33,40.830002,128.289993,32.817837
6/24/2016,26.940001,25.34,39.23,126.400002,32.229603
6/27/2016,26.02,25.5,38.48,124.669998,32.06831
6/28/2016,26.51,26.049999,39.130001,127.529999,32.675522
6/29/2016,27.42,26.41,40.549999,127.370003,33.21632
6/30/2016,27.610001,26.58,40.93,127.690002,33.406071
7/1/2016,28.190001,27.059999,40.860001,129.619995,33.747627
7/5/2016,27.41,26.299999,40.400002,129.350006,33.97533
7/6/2016,27.110001,26.469999,40.529999,131.570007,34.02277
7/7/2016,27.59,26.33,40.529999,131.160004,33.937382
7/8/2016,27.59,27.370001,40.869999,134.339996,34.269451
7/11/2016,27.77,28.450001,40.779999,135.149994,34.297913
7/12/2016,29.799999,28.74,41.419998,134.839996,34.383301
7/13/2016,30.629999,28.85,41.459999,133.559998,34.449715
7/14/2016,30.6,28.620001,41.669998,134.539993,35.028461
7/15/2016,30.629999,27.99,41.77,134.779999,34.886147
7/18/2016,30.559999,30.190001,41.639999,136.339996,34.76281
7/19/2016,30.49,30.190001,41.080002,136.979996,34.76281
7/20/2016,30.059999,31.120001,41.25,137.410004,34.800758
7/21/2016,30.08,31.01,41.07,136.070007,34.829224
7/22/2016,30.6,30.809999,41.080002,136.520004,34.857685
7/25/2016,29.92,30.879999,41.16,136.5,34.895638
7/26/2016,29.940001,31.25,40.939999,136.75,34.943073
7/27/2016,29.26,31.32,40.93,136.309998,34.962048
7/28/2016,29.530001,31.17,41.189999,137.960007,34.791271
7/29/2016,29.42,30.950001,41.040001,138.240005,35
8/1/2016,28.459999,30.35,41.150002,138.770004,35.398483
8/2/2016,27.83,29.24,40.709999,137.220001,34.525616
8/3/2016,28.23,29.639999,40.709999,137.059998,33.481972
8/4/2016,28.66,29.66,40.900002,136.050003,33.349148
8/5/2016,29.030001,30.040001,41.130001,136.910004,33.624287
8/8/2016,28.92,29.790001,41.16,136.210007,33.140415
8/9/2016,28.870001,29.629999,41.099998,136.110001,33.28273
8/10/2016,29.4,30.15,41.09,135.600006,33.33017
8/11/2016,29.65,31.110001,41.279999,137.039993,33.349148
8/12/2016,29.799999,31.35,41.09,136.570007,33.187855
8/15/2016,29.709999,31.73,41.389999,137.059998,33.311195
8/16/2016,29.75,31.17,41.32,136.229996,33.007591
8/17/2016,29.66,30.82,41.209999,136.149994,33.339657
8/18/2016,30.09,31.17,41.139999,134.800003,33.387096
8/19/2016,29.91,31.719999,41.32,135.460007,33.187855
8/22/2016,29.66,31.459999,41.220001,135.339996,33.055027
8/23/2016,29.75,32.09,41.5,136.220001,33.292221
8/24/2016,30.1,31.709999,41.07,135.059998,33.036053
8/25/2016,30.16,32.16,41.099998,135.429993,32.988613
8/26/2016,29.629999,28.74,41.259998,134.360001,33.036053
8/29/2016,29.790001,28.969999,41.310001,135.240005,33.311195
8/30/2016,29.82,28.49,41.310001,134.100006,33.092979
8/31/2016,30.41,28.389999,41.220001,134.119995,33.017078
9/1/2016,30.51,28.030001,41.16,134.229996,32.903225
9/2/2016,30.5,28.389999,41.25,135.149994,32.988613
9/6/2016,30.530001,28.370001,41.25,134.100006,32.988613
9/7/2016,30.99,28.129999,41.25,132.789993,33.055027
9/8/2016,30.83,27.780001,40.720001,131.259995,32.941177
9/9/2016,30.299999,27.18,40.029999,127.739998,32.35294
9/12/2016,31,27.040001,40.68,128.589996,32.874763
9/13/2016,30.950001,26.99,40.18,125.720001,32.296017
9/14/2016,31,27.030001,40.25,126.260002,32.201138
9/15/2016,31.610001,27.25,40.860001,126.959999,32.390892
9/16/2016,31.91,27.09,38.919998,126.110001,32.201138
9/19/2016,31.84,27.9,39.23,126.290001,31.925997
9/20/2016,31.77,27.719999,39.07,126.830002,32.077801
9/21/2016,31.5,28.129999,39.509998,128.110001,32.52372
9/22/2016,31.66,28.27,39.509998,128.75,32.400379
9/23/2016,31.33,28.190001,39.23,127.790001,32.504745
9/26/2016,30.629999,27.639999,39.029999,125.449997,31.91651
9/27/2016,31.32,27.43,39.299999,126.82,32.096775
9/28/2016,31.309999,27.49,39.439999,128.270004,32.248577
9/29/2016,30.799999,27.139999,39.119999,127.93,31.612904
9/30/2016,31.09,27.59,39.279999,128.679993,32.134724
10/3/2016,32.220001,27.780001,38.990002,128.5,31.954458
10/4/2016,31.629999,27.129999,38.869999,128.199997,31.992411
10/5/2016,31.940001,27.200001,39.150002,127.580002,32.163189
10/6/2016,32.459999,26.68,38.869999,130.190002,31.925997
10/7/2016,32.240002,26.68,38.709999,128.309998,31.840607
10/10/2016,32.299999,26.83,38.619999,127.25,31.888046
10/11/2016,31.5,26.049999,38.009998,125.849998,31.432638
10/12/2016,31.9,26.120001,38.049999,126.690002,31.375711
10/13/2016,31.35,25.469999,38.029999,126.290001,31.081594
10/14/2016,31.75,25.379999,38.41,126.419998,30.986717
10/17/2016,31.549999,24.700001,38.290001,125.139999,30.834915
10/18/2016,31.6,24.82,38.419998,125.739998,31.015181
10/19/2016,31.549999,25,38.349998,125.889999,30.92979
10/20/2016,31.6,25.110001,38.09,126.25,30.872866
10/21/2016,31.799999,25.01,37.93,126.599998,30.531309
10/24/2016,32.099998,25.139999,38.27,127.779999,30.483871
10/25/2016,31.6,24.75,38.360001,123.339996,30.626186
10/26/2016,31.700001,24.77,38.310001,122.709999,30.740038
10/27/2016,31.450001,23.99,38.220001,122.260002,30.815939
10/28/2016,31.35,23.9,38.169998,123.580002,30.294119
10/31/2016,31.450001,24.049999,38.419998,122.010002,30.085388
11/1/2016,30.700001,23.559999,38.459999,119.889999,29.478178
11/2/2016,30.6,20.93,38.029999,120.290001,29.06072
11/3/2016,30.799999,20.83,38.310001,120.18,28.358635
11/4/2016,31.299999,20.73,38.279999,120.910004,28.462997
11/7/2016,32.099998,21.24,39.09,123.75,28.823528
11/8/2016,32.25,20.91,39.130001,124.25,28.462997
11/9/2016,33.400002,21.530001,39.549999,126.019997,30.474382
11/10/2016,33.400002,21.870001,39.580002,129.029999,31.774195
11/11/2016,34.5,22.32,39.450001,129.850006,30.920303
11/14/2016,34.5,22.99,39.299999,127.669998,30.721064
11/15/2016,34.549999,22.65,39.169998,124.400002,30.578749
11/16/2016,34.5,23.059999,39.700001,125.330002,30.32258
11/17/2016,35.5,23.459999,40.25,128.929993,30.104364
11/18/2016,35.049999,23.459999,39.860001,128.330002,29.867172
11/21/2016,34.75,23.459999,39.889999,128.220001,29.952562
11/22/2016,34.700001,24.110001,40.09,130.979996,29.724857
11/23/2016,34.900002,26.059999,40.099998,131.210007,29.810247
11/25/2016,34.950001,25.82,40.27,131.570007,30.066414
11/28/2016,33.900002,25.15,40.299999,130.639999,29.924099
11/29/2016,34.549999,24.49,40.549999,129.619995,30.28463
11/30/2016,33.950001,24.690001,40.189999,129.399994,30.493359
12/1/2016,33.5,24.639999,38.700001,129.470001,29.848198
12/2/2016,32.25,24.27,38.5,129.869995,30.009487
12/5/2016,33.099998,24.52,38.970001,129.679993,29.971537
12/6/2016,33.799999,24.889999,39.470001,128.740005,29.943073
12/7/2016,32.650002,25.940001,40.32,132.460007,29.59203
12/8/2016,32.099998,25.969999,40.349998,132.529999,29.354839
12/9/2016,32.599998,26.02,40.52,133.389999,30.075901
12/12/2016,32.349998,26.42,40.509998,134.580002,30.740038
12/13/2016,32,26.389999,40.759998,136.539993,31.148008
12/14/2016,31.75,25.280001,40.880001,135.979996,31.138519
12/15/2016,32,25.34,40.860001,135.839996,31.072105
12/16/2016,31.9,25.42,39.099998,135.110001,31.157495
12/19/2016,33.200001,25.9,38.900002,135.440002,31.148008
12/20/2016,33.450001,26.120001,39,137.110001,31.166983
12/21/2016,34.700001,26.389999,38.830002,136.830002,30.740038
12/22/2016,35.099998,25.059999,38.959999,135.429993,30.683111
12/23/2016,35.299999,25.41,38.779999,135.050003,30.815939
12/27/2016,35.450001,25.950001,38.82,135.259995,30.863379
12/28/2016,34.549999,25.27,38.68,135.070007,30.6926
12/29/2016,34.200001,25.34,38.689999,135.100006,30.825426
12/30/2016,33.650002,25.26,38.450001,134.080002,30.815939
1/3/2017,34.75,25.370001,38.549999,134.309998,31.309298
1/4/2017,34.200001,25.92,38.740002,135.5,31.58444
1/5/2017,34,25,38.639999,133.899994,31.888046
1/6/2017,33.799999,24.52,38.450001,133.529999,31.764706
1/9/2017,33.299999,24.49,39.029999,134.309998,31.755219
1/10/2017,34.150002,24.639999,38.66,136.100006,31.726755
1/11/2017,34.299999,24.610001,39.110001,135.699997,31.148008
1/12/2017,34,24.719999,39.200001,135.070007,30.92979
1/13/2017,34.25,22.73,39.259998,135.039993,30.853889
1/17/2017,33.900002,23.34,39.099998,135.929993,30.417458
1/18/2017,33.799999,23.49,39.189999,136.160004,30.388994
1/19/2017,33.900002,23.309999,39.209999,135.389999,30.075901
1/20/2017,34.299999,23.58,39.869999,135.600006,30.142315
1/23/2017,34.099998,23.93,39.68,138.070007,29.848198
1/24/2017,34.299999,23.870001,40.099998,138.059998,29.554079
1/25/2017,34.150002,24.17,40.150002,137.479996,29.686907
1/26/2017,34.25,24.219999,40.130001,138.460007,29.67742
1/27/2017,34,24.309999,40.23,138.330002,29.810247
1/30/2017,34.150002,24.18,40.23,138.470001,29.705881
1/31/2017,33.75,24.49,40.110001,137.580002,30.104364
2/1/2017,33,24.299999,39.84,137.440002,30.047438
2/2/2017,33.049999,24.379999,39.98,136.949997,30.104364
2/3/2017,32.900002,24.74,40.43,137.979996,30.445921
2/6/2017,32.650002,24.68,40.099998,136.490005,30.578749
2/7/2017,32.5,24.629999,40.07,136.649994,30.436434
2/8/2017,31.049999,24.790001,40.02,137.880005,30.493359
2/9/2017,31,25.389999,40.23,138.710007,30.721064
2/10/2017,31.35,25.66,40.790001,139.850006,30.6926
2/13/2017,31.35,25.370001,41.09,139.869995,30.93928
2/14/2017,31.4,25.74,41.099998,141.360001,31.072105
2/15/2017,31.5,25.780001,41.41,142.190002,31.793169
2/16/2017,31.25,25.42,41.59,141.539993,31.897533
2/17/2017,31.200001,25.57,42.060001,143,31.897533
2/21/2017,30.85,26.219999,42.27,145.020004,31.897533
2/22/2017,31.35,26.26,42.509998,145.25,31.86907
2/23/2017,31.35,25.559999,42.959999,144.710007,32.314991
2/24/2017,31.4,26.280001,43.169998,145.949997,32.504745
2/27/2017,31.450001,26.52,42.700001,145.300003,32.52372
2/28/2017,31.35,24.440001,42.59,144.910004,32.371918
3/1/2017,30.4,24.48,42.919998,146.679993,32.656548
3/2/2017,29.75,24.98,42.889999,147.949997,32.741936
3/3/2017,29.4,25.280001,42.689999,147.809998,32.751423
3/6/2017,29.299999,24.91,42.57,147.130005,32.590134
3/7/2017,29.450001,24.67,42.599998,146.020004,32.248577
3/8/2017,29.549999,25,42.610001,146.919998,32.172676
3/9/2017,29.549999,25,42.439999,146.619995,32.305504
3/10/2017,30.15,25.18,42.68,146.850006,32.362431
3/13/2017,30.4,24.190001,42.580002,147.429993,32.362431
3/14/2017,30.549999,24.559999,42.790001,147.160004,32.466793
3/15/2017,30.1,24.67,43.049999,147.949997,32.855785
3/16/2017,30.200001,24.26,45.73,148.729996,32.666035
3/17/2017,30.6,24.639999,45.66,149.600006,32.561668
3/20/2017,30.6,23.879999,45.23,147.800003,32.618595
3/21/2017,30.15,24.01,44.84,146.610001,32.495255
3/22/2017,30.299999,24.09,44.790001,147.360001,32.703983
3/23/2017,30.200001,23.959999,44.950001,147.990005,32.533207
3/24/2017,30.85,20.700001,44.650002,147.710007,32.258064
3/27/2017,30.799999,20.85,44.84,146.869995,32.428844
3/28/2017,30.549999,21.719999,44.689999,147.199997,32.409866
3/29/2017,30.950001,21.950001,44.52,147.039993,32.571156
3/30/2017,31.15,22.459999,44.68,146.949997,32.590134
3/31/2017,31.450001,22.549999,44.610001,146.830002,32.457306
4/3/2017,31.85,22,44.610001,146.619995,32.485767
4/4/2017,31.549999,21.98,44.59,146.339996,32.580647
4/5/2017,31,21.76,44.490002,146.639999,32.438332
4/6/2017,30.799999,21.84,44.18,147.240005,32.362431
4/7/2017,30.35,21.66,44.290001,147.130005,32.35294
4/10/2017,30.65,21.879999,44,148.210007,32.296017
4/11/2017,30.700001,22.110001,44.169998,148.199997,32.19165
4/12/2017,30.299999,22.07,44.18,146.539993,32.182163
4/13/2017,30.200001,22.379999,44,145.910004,32.144215
4/17/2017,30.700001,22.889999,44.290001,147.309998,32.258064
4/18/2017,30.5,22.84,44.52,147.759995,32.106262
4/19/2017,30.4,22.780001,44.189999,147.220001,31.888046
4/20/2017,30.950001,23.190001,44.529999,148.720001,32.011387
4/21/2017,30.9,23.190001,44.43,150,31.91651
4/24/2017,30.700001,23.219999,44.84,151.889999,32.011387
4/25/2017,31,23.4,44.720001,153.029999,32.030361
4/26/2017,31.200001,23.65,44.689999,154.220001,32.115749
4/27/2017,30.700001,23.1,44.77,156.119995,32.125237
4/28/2017,30.299999,22.690001,44.959999,156.100006,32.182163
5/1/2017,29.799999,22.780001,45.049999,154.210007,32.049335
5/2/2017,30.049999,23.440001,45.130001,154.949997,31.888046
5/3/2017,30.1,23.969999,44.889999,155,31.755219
5/4/2017,29.4,23.57,45.470001,154.860001,31.736242
5/5/2017,29.1,24,45.580002,155.729996,31.764706
5/8/2017,28.799999,24.379999,45.560001,156.889999,31.736242
5/9/2017,28.9,24.49,45.48,157.679993,31.669828
5/10/2017,27.950001,24.950001,45.529999,158.130005,31.337761
5/11/2017,27.5,24.35,45.16,156.199997,31.347248
5/12/2017,26.9,24.030001,45.080002,156.919998,31.318787
5/15/2017,26.450001,24.360001,45.32,157.330002,31.423149
5/16/2017,25.75,24.469999,45.290001,158.259995,30.92979
5/17/2017,24.6,23.84,44.23,156.089996,30.578749
5/18/2017,24.5,23.780001,44.169998,155.699997,30.56926
5/19/2017,25.299999,24.219999,44.310001,156.300003,30.796965
5/22/2017,25,24.049999,44.630001,155.960007,30.474382
5/23/2017,24.65,22.66,44.560001,154.830002,30.493359
5/24/2017,23.5,22.709999,44.830002,155,30.40797
5/25/2017,23.4,23.620001,45.200001,156.460007,30.512335
5/26/2017,24.700001,22.219999,45.259998,154.899994,30.493359
5/30/2017,23.35,22.57,45.419998,153.880005,30.483871
5/31/2017,22.5,22.139999,45.389999,153.509995,30.97723
6/1/2017,23.450001,22.780001,45.790001,155.149994,31.034157
6/2/2017,24.799999,22.67,45.66,155.350006,30.872866
6/5/2017,25,22.48,45.919998,154.789993,30.6926
6/6/2017,24.4,21.9,45.610001,154.199997,30.426945
6/7/2017,23.75,22.040001,45.400002,154.960007,30.360531
6/8/2017,23.65,21.370001,45.419998,153.5,30.123341
6/9/2017,23.299999,22.01,45.029999,152.960007,31.091082
6/12/2017,23.5,21.709999,44.849998,152.179993,31.024668
6/13/2017,24.25,21.98,44.98,153.990005,30.910816
6/14/2017,24.200001,21.629999,44.810001,156.759995,31.015181
6/15/2017,24.049999,21.219999,44.68,156.770004,31.129032
6/16/2017,24.65,20.59,45.09,156.639999,31.280834
6/19/2017,24.75,20.799999,45.73,158.809998,31.518026
6/20/2017,23.6,20.639999,45.84,157.669998,31.840607
6/21/2017,23.049999,20.459999,46.330002,156.589996,32.144215
6/22/2017,23.049999,20.540001,50.299999,155.479996,32.314991
6/23/2017,23.6,20.65,50.950001,151.309998,32.419353
6/26/2017,23.549999,21.129999,50.860001,151.419998,32.296017
6/27/2017,23.35,21.379999,50.75,152.240005,32.039848
6/28/2017,23.9,21.51,50.869999,153.229996,32.020874
6/29/2017,23.65,21.610001,50.200001,152.160004,31.907021
6/30/2017,22.75,21.610001,50.139999,153.399994,31.86907
7/3/2017,23.200001,21.6,49.360001,154.009995,32.087288
7/5/2017,22.450001,21.51,49.459999,152.690002,31.91651
7/6/2017,21.65,21.120001,48.849998,152.050003,31.518026
7/7/2017,21.950001,20.91,49.349998,152.229996,31.641365
7/10/2017,21.5,20.889999,49.619999,151.179993,31.698292
7/11/2017,22.299999,20.959999,49.880001,150.600006,31.470589
7/12/2017,21.4,20.99,50.450001,152.589996,31.518026
7/13/2017,22.15,21.16,50.349998,153.289993,31.574953
7/14/2017,21.9,21.02,50.560001,152.880005,31.717268
7/17/2017,19.700001,21.280001,50.439999,153.889999,31.54649
7/18/2017,20.1,21.09,50.450001,152.169998,31.650854
7/19/2017,19.85,21.35,51,153.300003,31.897533
7/20/2017,20.6,21.1,51.130001,147.029999,31.821632
7/21/2017,20.35,20.780001,50.799999,146.649994,31.764706
7/24/2017,20.5,20.799999,50.759998,144.580002,31.612904
7/25/2017,20.85,21.26,51.169998,146.970001,31.404175
7/26/2017,21.049999,21.040001,51.169998,146.690002,31.204933
7/27/2017,20.700001,21.700001,50.450001,147.729996,31.309298
7/28/2017,20.5,21.5,50.299999,148.080002,31.451612
7/31/2017,20.4,21.690001,49.93,149.600006,31.461102
8/1/2017,20.799999,21.360001,50.16,149.850006,31.385199
8/2/2017,15.2,21.379999,49.77,150.5,31.233397
8/3/2017,15.1,21.66,50.23,150.789993,31.717268
8/4/2017,16.25,21.93,49.959999,152.75,31.91651
8/7/2017,16.1,22.17,49.639999,153.350006,31.603416
8/8/2017,16.15,21.940001,49.099998,153.350006,31.574953
8/9/2017,15.5,22.08,49.060001,155.259995,31.736242
8/10/2017,14.45,21.469999,48.099998,153.880005,31.707781
8/11/2017,14.05,21.76,48.240002,154.880005,31.54649
8/14/2017,13.6,21.85,48.849998,154.259995,31.603416
8/15/2017,13.25,20.93,48.830002,150.169998,31.669828
8/16/2017,13.3,21.389999,49.25,152.25,31.650854
8/17/2017,13.15,21.1,48.549999,149.669998,31.26186
8/18/2017,13,21.219999,48.619999,147.490005,30.996204
8/21/2017,13.05,20.98,48.900002,149.199997,31.081594
8/22/2017,12.85,21.639999,49.259998,149.910004,31.451612
8/23/2017,12.55,21.48,49.07,149.100006,31.537003
8/24/2017,12.8,21.780001,49.189999,148.25,31.527514
8/25/2017,12.9,19.4,49.240002,149.649994,31.679317
8/28/2017,13.05,19.15,49.240002,151.389999,31.755219
8/29/2017,12.85,18.75,49.450001,149.839996,31.783682
8/30/2017,13.45,18.790001,49.799999,150,31.736242
8/31/2017,13.4,18.5,50.330002,149.869995,32.182163
9/1/2017,14.15,18.67,50.619999,150.779999,32.220116
9/5/2017,14.5,18.940001,50.93,152.929993,32.06831
9/6/2017,14.4,19.34,51.009998,156.559998,32.248577
9/7/2017,13.8,18.85,51.73,157.929993,32.248577
9/8/2017,13.35,19.15,51.580002,159.660004,32.35294
9/11/2017,14.1,19.200001,52.490002,158.369995,32.561668
9/12/2017,14.2,19.530001,52.77,159.910004,33.557877
9/13/2017,15.2,20.02,52.799999,160.020004,33.263756
9/14/2017,16.049999,20.08,52.790001,159.380005,33.899429
9/15/2017,16.950001,20.290001,48.740002,158.399994,33.548386
9/18/2017,16.65,20.17,48.330002,157.809998,33.728653
9/19/2017,15.65,20.190001,48.040001,157.660004,33.633778
9/20/2017,15.35,20.1,47.970001,158.679993,34.146111
9/21/2017,15.8,19.889999,47.970001,159.190002,34.127136
9/22/2017,15.9,20.01,48.16,159.970001,34.117645
9/25/2017,15.15,20.440001,47.970001,161.100006,33.690701
9/26/2017,15.4,20.65,47.919998,161.259995,33.491463
9/27/2017,15.5,20.85,48.16,160.919998,33.633778
9/28/2017,15,20.790001,48.080002,162.360001,33.776093
9/29/2017,14.7,20.66,48.349998,163.559998,33.870968
10/2/2017,14.7,20.469999,48.799999,164.020004,34.222012
10/3/2017,15.9,20.209999,48.689999,165.169998,34.288425
10/4/2017,15.8,20.25,48.900002,165.289993,34.117645
10/5/2017,16.049999,20.52,48.91,166.119995,34.155598
10/6/2017,15.2,20.02,48.400002,165.850006,34.203037
10/9/2017,14,20.15,48.360001,165.710007,34.288425
10/10/2017,13.85,20.23,48.209999,165.160004,34.535103
10/11/2017,13.75,19.59,48.279999,165.25,34.582542
10/12/2017,13.85,19.5,48.23,164.589996,34.487667
10/13/2017,13.75,19.709999,48.610001,164.470001,34.478176
10/16/2017,13.75,19.41,48.860001,164.220001,34.136623
10/17/2017,13.75,19.66,49.189999,163.350006,34.345352
10/18/2017,13.6,20.049999,49.580002,163.449997,33.994308
10/19/2017,14.25,20.049999,49.349998,163.240005,34.383301
10/20/2017,14,20.129999,49.25,163.429993,34.554081
10/23/2017,14.15,20.280001,49.310001,164.740005,34.535103
10/24/2017,14.3,19.959999,49.98,166.029999,34.411766
10/25/2017,14.05,19.610001,49.700001,166.070007,34.3074
10/26/2017,14.7,19.51,50.150002,167.649994,33.908916
10/27/2017,14.75,19.34,50.880001,167.339996,33.776093
10/30/2017,13.9,18.77,50.68,165.309998,33.349148
10/31/2017,13.9,18.690001,50.900002,165.779999,33.263756
11/1/2017,13.45,18.6,50.639999,165.380005,33.45351
11/2/2017,12.85,18.51,50.279999,162.710007,33.643265
11/3/2017,11.9,18.1,50.18,164.389999,33.728653
11/6/2017,12.2,17.83,50.400002,164.220001,33.510437
11/7/2017,12.3,17.110001,50.490002,163.660004,33.548386
11/8/2017,11.8,17.200001,50.540001,164.050003,33.529411
11/9/2017,11.4,17.559999,49.240002,163.270004,33.396584
11/10/2017,11,16.43,49.32,164.110001,33.377609
11/13/2017,11.65,16.200001,49.400002,165.350006,33.491463
11/14/2017,12.2,16.190001,49.200001,168.059998,33.567364
11/15/2017,12.55,16,48.82,165.470001,33.548386
11/16/2017,12.45,16.18,49.200001,167.5,33.73814
11/17/2017,12.95,16.309999,48.939999,167.740005,33.557877
11/20/2017,12.75,16.440001,49.02,170.449997,33.538898
11/21/2017,12.7,16.73,48.630001,172.860001,33.719166
11/22/2017,13.2,17.370001,48.580002,172.059998,33.614799
11/24/2017,13.85,17.42,49.009998,172.330002,33.671726
11/27/2017,14.9,18.17,48.880001,174.160004,33.671726
11/28/2017,16.15,19.02,49.009998,176.570007,34.013283
11/29/2017,15.4,19.52,48.52,177.25,34.354839
11/30/2017,14.25,18.75,49.060001,179.820007,34.402279
12/1/2017,14,18.77,49.610001,180.419998,34.487667
12/4/2017,14.3,19.4,48.400002,184.899994,34.212524
12/5/2017,14.45,19.27,47.990002,182.850006,33.804554
12/6/2017,14.25,19.01,48.419998,180.800003,33.73814
12/7/2017,14.35,18.629999,48.52,182,33.681213
12/8/2017,14.65,19.200001,49.599998,183.410004,33.908916
12/11/2017,15.25,19.07,50.470001,182.25,34.354839
12/12/2017,15.25,19.110001,50.389999,181.800003,34.705883
12/13/2017,15.15,18.67,50.049999,183.029999,34.76281
12/14/2017,15.8,18.379999,50.189999,182.130005,34.59203
12/15/2017,15.1,18.34,48.299999,182.580002,35.294117
12/18/2017,15.25,18.66,47.709999,184.729996,35.227703
12/19/2017,15.25,18.389999,47.82,185.979996,35.04744
12/20/2017,14.85,18.25,47.900002,187.309998,34.59203
12/21/2017,15.4,18.450001,47.279999,188.080002,34.383301
12/22/2017,14.9,18.290001,47.360001,188.130005,34.288425
12/26/2017,14.4,18.51,47.43,190.360001,34.354839
12/27/2017,14.1,18.25,47.380001,190.190002,34.468693
12/28/2017,14.85,18.17,47.52,189.779999,34.506641
12/29/2017,15.1,17.950001,47.279999,189.529999,34.364326
1/2/2018,15.4,18.26,46.630001,188.029999,34.573055
1/3/2018,15,18.200001,47.709999,189.009995,34.829224
1/4/2018,14.45,18.32,48.18,190.509995,34.905125
1/5/2018,14.1,18.68,48.470001,192.5,34.971539
1/8/2018,13.8,19.23,48.98,192.039993,34.582542
1/9/2018,13.9,19.549999,49.060001,193.100006,34.544594
1/10/2018,13.95,19.68,48.799999,191.800003,34.601517
1/11/2018,14.1,19.959999,48.950001,194.679993,34.686909
1/12/2018,14.45,17.76,49.509998,196.419998,34.667931
1/16/2018,13.65,17.16,49.59,196.309998,34.724857
1/17/2018,13.75,17.5,50.27,199.820007,35.275143
1/18/2018,13.4,17.860001,50.23,198.330002,35.094875
1/19/2018,13.2,18.129999,50.580002,201.330002,35.04744
1/22/2018,13.25,17.549999,50.709999,204.460007,35.037952
1/23/2018,13.4,17.4,51.119999,204.899994,34.933586
1/24/2018,13.2,16.98,51.450001,206.220001,35.037952
1/25/2018,13.15,16.84,51.599998,205.369995,35.322582
1/26/2018,12.85,17.059999,52.75,207.229996,37.011387
1/29/2018,12.85,17.15,51.939999,204.919998,37.020874
1/30/2018,12.6,17.07,50.959999,201.809998,35.863377
1/31/2018,12.8,16.809999,51.59,200.899994,35.142315
2/1/2018,13.5,16.66,51.630001,199.899994,34.943073
2/2/2018,13.95,16.23,50.130001,193.970001,34.734344
2/5/2018,13.35,15.65,48.09,183.110001,32.893738
2/6/2018,13.75,16.139999,49.400002,191.039993,33.472485
2/7/2018,14.2,16.469999,48.869999,191.289993,33.187855
2/8/2018,13.75,15.83,46.84,181.220001,31.907021
2/9/2018,13.45,16.17,47.73,184.119995,32.409866
2/12/2018,13.9,15.8,48.150002,184.059998,32.884251
2/13/2018,13.85,15.58,48.490002,183.720001,33.149906
2/14/2018,14.25,16.219999,49.450001,184.690002,33.387096
2/15/2018,14.65,16.41,50.639999,185.270004,33.880455
2/16/2018,14.4,16.4,50.709999,186.970001,34.402279
2/20/2018,14.5,15.86,49.889999,186.710007,34.165085
2/21/2018,14.4,15.69,49.43,183.059998,33.927895
2/22/2018,14.3,15.62,49.59,185.470001,33.908916
2/23/2018,14.85,15.97,50.5,188.350006,34.402279
2/26/2018,15.45,16.08,51.169998,188.460007,35.189754
2/27/2018,15.75,15.57,50.73,184.979996,34.914612
2/28/2018,15,15.69,50.669998,182.270004,34.449715
3/1/2018,14.75,15.97,49.709999,179.639999,33.804554
3/2/2018,15.75,15.93,50.32,178.460007,34.108158
3/5/2018,15.75,16.049999,51.290001,181.740005,34.269451
3/6/2018,15.95,16.059999,51.5,181.639999,34.041744
3/7/2018,15.7,15.94,51.720001,178.580002,34.089184
3/8/2018,15.55,15.64,52.130001,177.940002,34.629982
3/9/2018,15.7,15.85,52.970001,182.160004,34.886147
3/12/2018,15.65,15.55,52.900002,179.710007,34.734344
3/13/2018,14.75,15.61,52.580002,178.350006,34.867172
3/14/2018,15.05,15.46,52.32,177.410004,34.487667
3/15/2018,14.75,15.31,52.369999,178.070007,34.705883
3/16/2018,14.2,15.42,52.27,178.960007,34.895638
3/19/2018,14.15,14.81,51.950001,177.100006,34.468693
3/20/2018,14.05,14.47,47.049999,178.160004,34.468693
3/21/2018,14.15,14.02,47.02,178.020004,34.411766
3/22/2018,13.8,13.83,45.889999,175.289993,33.776093
3/23/2018,13.9,13.5,44.790001,171.800003,32.722961
3/26/2018,13.95,14.04,46.48,176.380005,33.244781
3/27/2018,13.6,13.88,45.380001,174.679993,33.21632
3/28/2018,13.5,14.15,44.98,174.759995,33.491463
3/29/2018,14.05,12.62,45.75,178.240005,33.671726
4/2/2018,14.15,12.82,45.009998,172.899994,33.254269
4/3/2018,15.25,13.01,44.889999,173.759995,33.851994
4/4/2018,15.4,13.34,45.509998,177.440002,34.278938
4/5/2018,16.35,13.56,45.959999,179.130005,33.899429
4/6/2018,16.450001,13.43,44.830002,174.449997,33.368122
4/9/2018,16.450001,13.48,44.900002,172.509995,33.643265
4/10/2018,16.799999,13.68,45.82,173.490005,34.108158
4/11/2018,16.700001,13.84,45.610001,172.860001,33.956356
4/12/2018,16.5,13.63,45.880001,173.360001,34.459202
4/13/2018,16.950001,13.61,46.080002,172.800003,34.459202
4/16/2018,17.15,13.81,46.049999,174.429993,34.658443
4/17/2018,17.4,13.94,46.66,174.910004,34.468693
4/18/2018,17.549999,13.66,47.080002,179.850006,34.620495
4/19/2018,17.25,13.52,46.82,177.080002,34.658443
4/20/2018,17,12.88,46.23,177.009995,34.753323
4/23/2018,17.15,13.2,45.799999,177.660004,34.914612
4/24/2018,17.200001,13.41,45.529999,176.259995,35.161289
4/25/2018,17.25,13.46,45.75,177.389999,34.800758
4/26/2018,17.200001,13.67,45.959999,185.720001,34.962048
4/27/2018,17.200001,13.86,45.529999,186.460007,35.104362
4/30/2018,17.450001,13.65,45.669998,184.800003,34.734344
5/1/2018,16.4,13.85,45.950001,184.630005,33.586338
5/2/2018,16.5,13.45,45.509998,185.910004,33.102467
5/3/2018,16.549999,12.83,45.060001,183.190002,32.979126
5/4/2018,16.299999,13,45.709999,185.029999,33.055027
5/7/2018,17.200001,12.89,46.07,183.559998,33.140415
5/8/2018,16.799999,12.79,45.939999,185.039993,33.187855
5/9/2018,16.049999,12.93,46.580002,186.360001,33.368122
5/10/2018,16.450001,13.03,46.93,187.160004,33.244781
5/11/2018,16.299999,12.71,46.82,190.309998,33.681213
5/14/2018,16.4,13.26,46.82,191.080002,34.02277
5/15/2018,16.549999,13.51,46.810001,187.979996,33.861481
5/16/2018,16.6,13.55,46.73,186.380005,33.851994
5/17/2018,16.6,13.62,46.540001,185.330002,33.880455
5/18/2018,16.1,12.46,46.32,187.419998,33.814041
5/21/2018,16.049999,12.78,47.209999,189.789993,33.965843
5/22/2018,15.6,12.67,46.369999,186.869995,33.889942
5/23/2018,15.2,12.72,46.900002,186.669998,34.127136
5/24/2018,15.25,12.74,46.459999,187.149994,34.051231
5/25/2018,15.05,12.67,47,186.850006,33.851994
5/29/2018,14.45,13.05,46.259998,185,33.870968
5/30/2018,14.85,13.42,47.049999,187.089996,34.203037
5/31/2018,14.8,13.2,46.720001,186.550003,34.089184
6/1/2018,14.8,13.72,47.349998,187.350006,34.392788
6/4/2018,14.55,14.24,47.32,191.360001,34.582542
6/5/2018,14.75,14.6,47.130001,191.940002,34.573055
6/6/2018,14.7,14.42,47.75,193.589996,34.516129
6/7/2018,14.65,14.49,47.68,196.169998,34.620495
6/8/2018,14.45,14.53,48.18,198.330002,34.791271
6/11/2018,14.95,14.29,48.189999,199.639999,34.440228
6/12/2018,15.65,14.05,48.450001,201.309998,34.440228
6/13/2018,15.45,13.33,48.27,200.309998,34.364326
6/14/2018,15.75,12.85,45.900002,199.669998,34.3074
6/15/2018,15.6,13.96,46.279999,200.539993,34.497154
6/18/2018,16,15.2,46.52,200.690002,34.3074
6/19/2018,16.25,15.75,46.27,199.210007,34.364326
6/20/2018,16.6,15.71,42.82,199.080002,34.59203
6/21/2018,17.200001,15.53,43.099998,200.309998,34.440228
6/22/2018,16.6,15.52,44.099998,197.410004,34.639469
6/25/2018,16.5,15.11,44.279999,196.380005,34.516129
6/26/2018,15.85,14.97,44.41,196.360001,34.516129
6/27/2018,15.6,14.6,43.450001,195.020004,34.354839
6/28/2018,16.15,14.88,43.84,195.210007,34.497154
6/29/2018,15.9,14.57,44.060001,195.100006,34.421253
7/2/2018,15.75,14.16,44.950001,194.020004,34.468693
7/3/2018,15.85,14.05,44.720001,193.619995,34.487667
7/5/2018,16.799999,14.63,45.41,194.410004,34.981026
7/6/2018,17.299999,15.15,46,194.479996,35.208729
7/9/2018,17.15,15.47,46.73,196.080002,35.256168
7/10/2018,17.35,14.86,46.990002,197.610001,35.512333
7/11/2018,17.4,14.7,47.639999,196.949997,35.303604
7/12/2018,17,15.09,48.150002,197.949997,35.597721
7/13/2018,17.049999,15.28,48.630001,198.690002,35.607212
7/16/2018,16.700001,15.22,48.459999,198.880005,35.464897
7/17/2018,16.85,14.58,48.900002,201.100006,35.721062
7/18/2018,16.35,14.58,48.639999,200.970001,35.730549
7/19/2018,16.450001,14.92,48.439999,202.630005,35.445919
7/20/2018,15.95,15.08,48.52,202.449997,35.417458
7/23/2018,15.55,14.89,48.669998,202.229996,35.303604
7/24/2018,15.5,14.78,48.669998,201.990005,35.768501
7/25/2018,15.25,14.51,48.950001,201,36.043644
7/26/2018,15.7,14.81,48.869999,199.399994,36.204933
7/27/2018,15.7,14.83,48.630001,197.139999,36.442123
7/30/2018,15.35,14.7,47.73,197.279999,36.612904
7/31/2018,16.299999,14.41,47.68,197.520004,37.884251
8/1/2018,16.049999,14.73,47.349998,196.300003,38.206833
8/2/2018,16.549999,14.62,47.900002,195.660004,37.618595
8/3/2018,17.15,14.85,48.470001,195.639999,38.462997
8/6/2018,17.299999,14.86,48.669998,195.690002,38.937382
8/7/2018,17.200001,15.12,48.48,197.050003,38.747627
8/8/2018,17.5,15.25,48.389999,198.020004,39.288425
8/9/2018,16.9,15.21,48.540001,198.080002,38.899429
8/10/2018,17.450001,15.32,48.32,196.300003,38.833015
8/13/2018,17.450001,15.21,48.009998,194.139999,38.719166
8/14/2018,17.5,15.5,48.23,193.100006,38.624287
8/15/2018,17.700001,15.42,47.84,193.990005,39.051231
8/16/2018,18.1,15.22,48.099998,195.389999,39.297913
8/17/2018,18.35,15.33,48.360001,195.559998,39.933586
8/20/2018,18.549999,15.85,48.419998,197.929993,40.161289
8/21/2018,18.85,16.49,48.41,200.229996,40
8/22/2018,19,16.98,48.799999,198.970001,39.914612
8/23/2018,19.200001,16.76,48.959999,200.160004,40.037952
8/24/2018,19.15,16.549999,49.259998,201.300003,40.227703
8/27/2018,18.700001,14.71,49.330002,201.979996,39.449715
8/28/2018,19.15,14.03,48.639999,201.970001,39.373814
8/29/2018,18.950001,14.12,48.889999,201.679993,39.373814
8/30/2018,18.799999,13.58,48.380001,199.259995,39.373814
8/31/2018,19.049999,13.27,48.580002,200.770004,39.392788
9/4/2018,19.25,14.05,48.580002,205.080002,39.250473
9/5/2018,19.299999,16.26,48.040001,204.149994,39.705883
9/6/2018,19.75,16.139999,47.709999,205.889999,39.639469
9/7/2018,19.9,16.129999,47.810001,206.229996,40.037952
9/10/2018,19.9,16,48.860001,210.690002,39.905125
9/11/2018,19.799999,16.16,48.919998,213.850006,40.142315
9/12/2018,20.049999,16.66,49.34,211.979996,40.23719
9/13/2018,20.1,17.040001,48.959999,209.449997,40.654648
9/14/2018,19.799999,16.790001,49.25,209.070007,40.759014
9/17/2018,19.950001,16.610001,49.18,208.399994,40.806454
9/18/2018,20,16.5,49.029999,211.020004,41.280834
9/19/2018,20.65,16.6,49.43,211.679993,41.043644
9/20/2018,20.75,16.49,50.43,211.059998,41.508537
9/21/2018,21.35,16.52,51.099998,212.389999,41.802658
9/24/2018,20.4,15.52,51.240002,207.990005,41.679317
9/25/2018,19.9,16.02,51.720001,207.460007,41.54649
9/26/2018,20.15,15.59,51.630001,207.520004,41.442123
9/27/2018,20.450001,15.55,51.689999,206.839996,41.650852
9/28/2018,20.5,15.27,51.560001,207.149994,41.812145
10/1/2018,19.860001,15.28,51.799999,207.600006,42.0019
10/2/2018,19.76,14.87,50.23,204.75,41.95446
10/3/2018,20.09,14.92,49.75,203.740005,42.514233
10/4/2018,19.969999,14.82,49.470001,198.850006,42.409866
10/5/2018,19.700001,14.68,49.349998,196.380005,42.609108
10/8/2018,19.6,14.98,49.360001,198.410004,42.960152
10/9/2018,19.610001,14.76,48.869999,195.75,43.140415
10/10/2018,18.75,14.83,47.400002,193.699997,42.229603
10/11/2018,18.41,14.66,46.779999,189.740005,40.616699
10/12/2018,18.860001,14.8,47.380001,192.470001,41.537003
10/15/2018,19.27,14.88,47.119999,191.169998,40.910816
10/16/2018,20.15,15.29,48.23,193.580002,41.679317
10/17/2018,19.809999,15.32,47.860001,185.169998,42.28653
10/18/2018,19.639999,15.06,47.380001,180.440002,41.745731
10/19/2018,19.809999,14.73,47.59,179.850006,42.220116
10/22/2018,19.799999,15.12,47.939999,178.75,42.096775
10/23/2018,19.700001,15.27,47.990002,178.529999,41.840607
10/24/2018,17.83,15.07,46.759998,176.970001,40.303604
10/25/2018,18.709999,14.44,47.959999,179.070007,41.185959
10/26/2018,17.83,13.71,47.32,172.229996,40.417458
10/29/2018,18.719999,14.53,47.02,173.199997,41.015179
10/30/2018,19.24,14.67,48.57,176.240005,40.6926
10/31/2018,19.26,14.6,48.84,175.880005,40.853889
11/1/2018,19.24,15.35,48.59,180.460007,41.432636
11/2/2018,19,15.61,48.830002,179.929993,40.730549
11/5/2018,19.18,14.99,49.02,182.190002,41.290321
11/6/2018,18.42,14.95,49.25,182.009995,40.806454
11/7/2018,18.379999,14.9,50.259998,187.229996,42.125237
11/8/2018,18.129999,14.86,50.43,188,41.603416
11/9/2018,15.66,14.64,50.610001,185.990005,42.011387
11/12/2018,15.19,13.88,49.220001,179.429993,41.850094
11/13/2018,15.54,13.88,49.509998,179,41.290321
11/14/2018,15.68,12.96,48.84,179.899994,40.711575
11/15/2018,14.74,13.13,50.630001,177.360001,40.996204
11/16/2018,14.05,12.79,51.169998,177.020004,41.280834
11/19/2018,13.49,13.03,49.549999,173.589996,41.916508
11/20/2018,13.29,12.28,48.330002,169.050003,41.299809
11/21/2018,13.94,13.71,48.619999,169.300003,40.891842
11/23/2018,13.88,13.5,48.700001,168.850006,40.92979
11/26/2018,14.16,14.58,48.259998,169.820007,41.119545
11/27/2018,13.45,14.72,47.439999,173.220001,41.812145
11/28/2018,13.84,15.01,48.189999,177.429993,42.599621
11/29/2018,13.96,14.63,47.900002,175.660004,43.178368
11/30/2018,13.65,13.66,48.759998,180.320007,43.861481
12/3/2018,14.22,13.87,49.830002,181.740005,43.633778
12/4/2018,14.26,13.5,48.75,175.300003,42.827324
12/6/2018,14.63,13.56,46.68,175.960007,42.675522
12/7/2018,14.27,13.68,46,172.789993,41.66983
12/10/2018,14.3,13.23,46.669998,171.690002,42.125237
12/11/2018,15.12,12.95,46.459999,172.210007,41.755219
12/12/2018,15.27,13.23,47.32,174.210007,41.897533
12/13/2018,14.86,12.79,47.23,173.869995,42.28653
12/14/2018,14.51,12.76,46.599998,172.289993,41.555977
12/17/2018,14.07,12.65,45.73,167.970001,40.901329
12/18/2018,13.96,12.73,45.849998,170.039993,40.227703
12/19/2018,13.37,12.58,46.450001,167.559998,39.819733
12/20/2018,12.98,12.43,46.240002,164.160004,39.800758
12/21/2018,12.34,11.96,44,160.479996,39.781784
12/24/2018,12.26,11.67,42.689999,158.139999,38.472485
12/26/2018,12.68,12.4,44.59,168.279999,40.028461
12/27/2018,12.2,12.18,44.970001,170.320007,40.654648
12/28/2018,12.42,12.28,44.82,170.220001,40.759014
12/31/2018,12.28,12.62,45.150002,171.820007,41.413662
1/2/2019,12.89,13.07,45.220001,172.410004,41.034157
1/3/2019,13.06,12.97,44.779999,168.610001,39.886147
1/4/2019,13.54,15.24,46.709999,173.619995,40.796963
1/7/2019,14.12,15.48,47.450001,177.039993,41.015179
1/8/2019,14.57,15.81,47.880001,177.889999,41.204933
1/9/2019,13.95,15.98,47.779999,179.729996,41.119545
1/10/2019,13.73,15.96,47.82,179.059998,40.142315
1/11/2019,14.03,15.85,48.290001,179.410004,40.683113
1/14/2019,14.13,15.64,48.18,178.809998,40.199242
1/15/2019,14.31,15.53,48.380001,176.470001,40.540798
1/16/2019,14.1,15.68,48.060001,177.039993,39.95256
1/17/2019,14.11,15.77,48.580002,174.869995,40.294117
1/18/2019,14.46,15.93,49.27,179.580002,40.351044
1/22/2019,13.51,15.27,48.939999,177.110001,40.104362
1/23/2019,13.79,15.48,49.240002,176.889999,40
1/24/2019,14.25,15.8,49.200001,177.289993,38.851994
1/25/2019,14.01,15.9,49.799999,180.399994,38.557877
1/28/2019,14.01,15.5,49.52,179.830002,37.504745
1/29/2019,14.19,11.28,49.610001,179.690002,38.681213
1/30/2019,14.12,11.2,50.360001,182.179993,39.449715
1/31/2019,14.65,11.34,50.23,183.529999,40.275143
2/1/2019,14.19,11.24,50.810001,184.369995,40.683113
2/4/2019,14.35,11.37,51.029999,186.429993,40.265656
2/5/2019,14.07,11.79,51.240002,186.389999,39.95256
2/6/2019,13.79,11.51,51.259998,184.720001,40.161289
2/7/2019,13.32,11.47,50.220001,184.070007,39.563568
2/8/2019,13.72,11.35,51.029999,184.539993,40.066414
2/11/2019,13.17,11.3,51.23,182.919998,39.544594
2/12/2019,13.26,11.55,51.220001,185.520004,39.724857
2/13/2019,13.51,11.47,51.419998,188.410004,39.563568
2/14/2019,13.65,11.33,51.48,187.710007,39.819733
2/15/2019,13.79,11.43,51.720001,192.389999,40.227703
2/19/2019,13.2,11.2,52.02,192.330002,40.417458
2/20/2019,13.67,11.2,51.77,191.850006,40.037952
2/21/2019,13.7,11.03,52.110001,191.820007,39.981026
2/22/2019,13.87,11.37,52.48,192.389999,40.759014
2/25/2019,13.64,11.55,52.560001,189.979996,40.872864
2/26/2019,13.56,11.64,52.599998,188.300003,40.815941
2/27/2019,13.87,11.67,52.380001,183.669998,40.730549
2/28/2019,14.03,11.7,52.130001,185.139999,41.129032
3/1/2019,16,11.75,52.509998,185.169998,41.138519
3/4/2019,15.5,11.57,52.040001,183.809998,40.863377
3/5/2019,15.62,11.6,52.360001,184,40.6926
3/6/2019,15.13,11.56,52.349998,184.449997,39.71537
3/7/2019,14.8,11.59,52.580002,182.509995,39.269451
3/8/2019,14.72,10.97,52.77,181.229996,38.795067
3/11/2019,14.65,11.26,52.66,182.440002,39.373814
3/12/2019,14.42,11.47,52.799999,184,39.59203
3/13/2019,14.43,11.58,53.060001,181.139999,39.857685
3/14/2019,14.48,10.95,53.049999,181.610001,39.079697
3/15/2019,14.5,11.06,52.939999,182.229996,39.639469
3/18/2019,15,11.07,53.459999,183.419998,39.667931
3/19/2019,14.75,10.96,54.040001,184.130005,40.132828
3/20/2019,14.96,10.5,52.639999,186.100006,40.009487
3/21/2019,15.42,10.55,54.040001,189.970001,40.180267
3/22/2019,15.06,10.45,52.77,188.75,39.705883
3/25/2019,15.3,10.14,52.740002,189.679993,39.743832
3/26/2019,14.94,10.35,53.279999,189.339996,40.246677
3/27/2019,14.84,10.29,52.810001,189.25,39.867172
3/28/2019,14.77,10.19,53.189999,190.059998,40.123341
3/29/2019,14.85,10.16,53.709999,191.889999,40.294117
4/1/2019,14.99,10.37,54.580002,195.639999,40.645161
4/2/2019,14.78,10.1,54.150002,194.309998,40.711575
4/3/2019,14.61,9.63,54.060001,198.610001,40.645161
4/4/2019,15.01,10.03,53.82,200.449997,40.550285
4/5/2019,14.98,9.86,53.93,202.059998,40.787476
4/8/2019,16.309999,9.94,53.720001,203.550003,40.92979
4/9/2019,16.15,9.82,53.830002,200.899994,40.645161
4/10/2019,16.15,9.97,53.970001,199.429993,40.540798
4/11/2019,16.120001,9.76,53.790001,201.479996,40.104362
4/12/2019,16.43,9.32,54.5,203.850006,39.573055
4/15/2019,16.5,8.94,54.630001,204.860001,39.933586
4/16/2019,16.59,9.08,54.59,204.470001,38.823528
4/17/2019,16.59,8.94,54.48,206.550003,37.836811
4/18/2019,16.049999,8.77,54.52,205.660004,37.362431
4/22/2019,15.26,8.65,54.619999,204.779999,36.982922
4/23/2019,15.25,8.89,54.939999,206.050003,37.400379
4/24/2019,15.44,9.01,55.18,206.720001,37.35294
4/25/2019,15.3,8.95,55.009998,206.5,37.580647
4/26/2019,15.4,8.89,55.41,203.610001,37.922199
4/29/2019,15.5,8.76,55.080002,202.160004,37.561668
4/30/2019,15.16,8.65,55.330002,203.699997,38.529411
5/1/2019,14.71,8.51,54.880001,198.800003,38.681213
5/2/2019,14.7,8.77,54.599998,201.009995,38.908916
5/3/2019,14.59,8.97,54.790001,200.559998,39.269451
5/6/2019,14.87,8.85,54.849998,199.630005,39.516129
5/7/2019,14.97,8.77,54,194.770004,38.73814
5/8/2019,14.65,8.69,53.990002,195.169998,38.851994
5/9/2019,13.63,8.52,54.25,194.580002,38.557877
5/10/2019,13.82,8.48,54.650002,194.580002,38.633778
5/13/2019,13.29,8.26,53.43,190.339996,38.491463
5/14/2019,13.5,8.53,54.130001,191.619995,38.576851
5/15/2019,13.58,8.69,54.560001,191.759995,39.041744
5/16/2019,13.4,8.67,54.639999,192.380005,39.506641
5/17/2019,13.13,8.61,54.5,192.580002,39.345352
5/20/2019,13,8.06,53.66,190.949997,39.459202
5/21/2019,13.21,8.13,54.169998,191.449997,39.535103
5/22/2019,13.04,7.9,54.200001,188.910004,39.838711
5/23/2019,12.95,7.7,53.080002,192,39.772297
5/24/2019,12.69,7.82,52.77,193.589996,39.800758
5/28/2019,12.5,7.74,51.75,191.550003,39.753323
5/29/2019,12.06,7.57,51.689999,189.990005,39.582542
5/30/2019,12.01,7.6,51.720001,191.080002,39.753323
5/31/2019,11.98,7.58,50.599998,189.850006,39.392788
6/3/2019,11.9,7.47,50.240002,189.570007,39.772297
6/4/2019,11.78,7.82,52.02,195.25,40.066414
6/5/2019,11.18,5.04,52.099998,196.690002,40.303604
6/6/2019,11.09,5.13,52.59,197.169998,40.521824
6/7/2019,10.75,5.02,53.259998,197.300003,40.721062
6/10/2019,10.94,5.44,54.009998,198.050003,40.863377
6/11/2019,11.04,5.72,53.939999,198.009995,40.483871
6/12/2019,10.69,5.5,53.619999,198.940002,40.872864
6/13/2019,10.95,5.7,53.84,202.350006,40.322582
6/14/2019,10.96,5.63,53.279999,205.770004,40.56926
6/17/2019,11.18,5.7,53.130001,206.979996,40.683113
6/18/2019,11.41,5.73,52.900002,207.479996,40.863377
6/19/2019,11.53,5.63,52.68,207.940002,41.271347
6/20/2019,10.93,5.53,56.990002,211.25,41.366222
6/21/2019,10.6,5.42,56.119999,209.389999,41.432636
6/24/2019,10.01,5.37,56.740002,205.5,41.518028
6/25/2019,9.48,5.45,56.07,204.740005,41.518028
6/26/2019,9.45,5.47,56.66,206.419998,40.787476
6/27/2019,9.49,5.54,56.77,207.020004,41.204933
6/28/2019,9.33,5.47,56.970001,207.970001,41.100571
7/1/2019,9.27,5.36,58.009998,210.279999,41.527515
7/2/2019,9.21,5.38,58.459999,210.139999,41.95446
7/3/2019,9.1,5.31,58.860001,212.100006,42.125237
7/5/2019,9.4,5.52,59.279999,211.460007,41.66983
7/8/2019,8.86,5.45,59.529999,212.910004,41.081593
7/9/2019,8.91,5.31,59.599998,212,41.148006
7/10/2019,9.22,5.18,60.150002,210.75,41.802658
7/11/2019,9.45,4.84,59.990002,214.039993,40.777988
7/12/2019,9.46,4.91,59.810001,218.229996,40.227703
7/15/2019,9.49,4.75,59.529999,218.699997,40.559772
7/16/2019,9.78,4.63,58.610001,217.259995,40.654648
7/17/2019,9.81,4.38,57.990002,215.610001,40.550285
7/18/2019,9.62,4.2,58.119999,214.440002,40.853889
7/19/2019,10.54,4.32,57.540001,213.039993,40.578747
7/22/2019,10.41,4.14,57.599998,211.270004,40.626186
7/23/2019,10.3,4.09,57.450001,213.080002,40.882355
7/24/2019,10.78,4.08,58.110001,214.710007,40.6926
7/25/2019,10.94,3.98,58.290001,215.550003,40.483871
7/26/2019,11.25,4.01,58.5,216.910004,40.882355
7/29/2019,11.45,4.12,58.060001,218.039993,39.326378
7/30/2019,11.74,4.03,57.490002,217.360001,36.802658
7/31/2019,11.83,4.02,56.299999,213.690002,36.850094
8/1/2019,11.26,3.84,55.880001,212.830002,36.290321
8/2/2019,11.62,3.78,55.84,212.149994,36.053131
8/5/2019,11.1,3.71,53.759998,204.940002,35.066414
8/6/2019,11.32,3.81,53.959999,208.800003,35.056927
8/7/2019,11.35,3.81,53.34,207.910004,34.705883
8/8/2019,12.01,3.89,54.650002,211.570007,34.981026
8/9/2019,12.18,3.59,53.900002,210.020004,34.487667
8/12/2019,11.76,3.51,53.25,207.009995,33.576851
8/13/2019,11.67,3.47,53.970001,208.330002,33.396584
8/14/2019,10.75,3.32,52.32,201.589996,32.485767
8/15/2019,10.84,3.21,52.59,201.789993,32.71347
8/16/2019,11.15,3.32,53.59,203.649994,32.874763
8/19/2019,11.39,3.38,53.869999,207.949997,33.377609
8/20/2019,11.34,3.42,52.98,217.089996,32.836811
8/21/2019,11.41,3.54,53.240002,220.399994,33.083492
8/22/2019,11.51,3.87,53.189999,221.020004,33.28273
8/23/2019,11.01,3.65,51.580002,217.470001,32.580647
8/26/2019,11.31,3.82,52.130001,218.649994,33.055027
8/27/2019,10.86,3.7,52.389999,218.210007,32.580647
8/28/2019,11.25,3.88,51.950001,221.949997,33.28273
8/29/2019,11.3,4.23,52.16,227.320007,33.519924
8/30/2019,11.11,3.97,52.060001,227.910004,33.728653
9/3/2019,11.4,3.81,51.889999,224.070007,34.269451
9/4/2019,11.71,3.98,52.970001,224.149994,33.994308
9/5/2019,12.02,4.23,53.84,228.149994,34.478176
9/6/2019,11.52,4.31,53.16,231.130005,34.629982
9/9/2019,11.68,4.76,54.540001,232.869995,34.943073
9/10/2019,11.65,5.09,55.470001,233,35.464897
9/11/2019,11.74,4.59,56.290001,232.660004,35.493359
9/12/2019,11.7,4.58,53.889999,233.800003,35.370018
9/13/2019,11.96,4.41,53.75,233.979996,35.018974
9/16/2019,11.91,4.35,53.139999,230.990005,34.943073
9/17/2019,11.49,4.33,52.869999,230.210007,34.629982
9/18/2019,11.17,4.6,52.560001,230.830002,34.516129
9/19/2019,10.77,4.44,53.369999,228.119995,34.639469
9/20/2019,10.85,4.7,53.470001,224.669998,34.810246
9/23/2019,10.72,5.02,54.02,226.25,34.383301
9/24/2019,10.71,5.01,53.349998,225.410004,34.165085
9/25/2019,10.81,5.2,53.84,228.100006,34.060722
9/26/2019,10.82,5.28,53.959999,229.789993,33.946869
9/27/2019,10.78,5.34,54.09,229.860001,34.364326
9/30/2019,10.7,5.52,55.029999,232.020004,34.089184
10/1/2019,10.62,5.58,53.799999,231.080002,33.614799
10/2/2019,10.22,5.32,53.150002,225.550003,32.922199
10/3/2019,9.93,5.42,53.860001,226.809998,33.633778
10/4/2019,9.82,5.55,55.139999,227.929993,34.089184
10/7/2019,9.78,5.49,54.799999,226.740005,33.994308
10/8/2019,9.83,5.23,54.049999,226.669998,33.614799
10/9/2019,9.39,4.99,54.529999,228.940002,33.861481
10/10/2019,9.16,5.05,55.490002,231.610001,33.956356
10/11/2019,9.22,5.37,56.889999,234.660004,34.25996
10/14/2019,8.95,5.58,56.459999,234.179993,34.440228
10/15/2019,9.17,5.61,56.349998,235.619995,34.629982
10/16/2019,9.34,5.88,55.880001,235.899994,34.478176
10/17/2019,9.34,6.03,55.060001,236.770004,34.59203
10/18/2019,9.36,5.94,54.549999,237.929993,34.59203
10/21/2019,9.22,5.93,55.130001,236.699997,34.59203
10/22/2019,9.76,6.39,54.110001,237.199997,34.563568
10/23/2019,9.87,6.43,54.130001,234.669998,34.886147
10/24/2019,9.6,6.42,54.259998,233.889999,34.525616
10/25/2019,9.72,6.35,54.169998,234.380005,34.886147
10/28/2019,9.91,6.19,54.639999,236.800003,35.370018
10/29/2019,9.81,5.81,54.799999,234.139999,36.252373
10/30/2019,9.4,5.73,54.849998,236.240005,36.508537
10/31/2019,9.37,5.44,54.490002,234.580002,36.404175
11/1/2019,9.62,5.84,55,237.339996,36.423149
11/4/2019,9.75,5.85,55.450001,234.919998,36.081593
11/5/2019,9.78,5.91,55.669998,232.199997,35.559772
11/6/2019,9.69,6.09,55.700001,234.009995,35.683113
11/7/2019,9.24,6.22,55.98,232.940002,35.018974
11/8/2019,9.62,6.09,56.490002,232.839996,35.151802
11/11/2019,9.54,6.02,56.43,231.800003,35.037952
11/12/2019,9.28,5.92,56.59,233.119995,35.075901
11/13/2019,8.8,5.94,56.209999,234.800003,34.724857
11/14/2019,8.88,5.98,56.09,236.550003,34.677418
11/15/2019,8.76,5.88,56.419998,237.289993,35.370018
11/18/2019,8.47,5.62,56.189999,238.850006,35.313091
11/19/2019,8.47,5.5,56.27,225.860001,35.730549
11/20/2019,8.13,5.46,56.240002,220.899994,35.151802
11/21/2019,7.94,5.5,56.23,218.539993,35.806454
11/22/2019,7.96,5.66,56.389999,218.029999,36.366222
11/25/2019,8.38,6.03,56.560001,218.399994,36.698292
11/26/2019,7.9,6.1,56.509998,220.759995,36.328274
11/27/2019,8.43,6.35,56.610001,223,36.650852
11/29/2019,8.18,6.34,56.139999,220.509995,36.54649
12/2/2019,8.67,6.17,55.43,217.619995,36.328274
12/3/2019,8.27,6.12,54.59,214,36.100571
12/4/2019,7.93,6.43,54.41,214.100006,36.185959
12/5/2019,7.87,6.4,54.68,213,36.081593
12/6/2019,8.05,6.68,54.830002,214.279999,36.328274
12/9/2019,8.23,6.33,55.310001,216.529999,36.356735
12/10/2019,8.1,6.51,55.82,215.899994,36.508537
12/11/2019,8.16,5.53,56.310001,212,36.26186
12/12/2019,8.3,5.58,56.470001,212.039993,36.565464
12/13/2019,8.22,5.45,54.509998,214.080002,36.366222
12/16/2019,8.35,5.5,53.990002,215.529999,37.134724
12/17/2019,8.12,6.06,52.84,217.720001,36.907021
12/18/2019,7.96,6.16,53.389999,218,36.897533
12/19/2019,7.8,6.06,53.240002,220.220001,36.973434
12/20/2019,7.73,5.99,53.599998,221.190002,37.220116
12/23/2019,7.32,5.61,53.709999,219.210007,37.305504
12/24/2019,7.51,5.44,53.439999,220.669998,37.277039
12/26/2019,7.34,5.4,53.57,220.820007,37.362431
12/27/2019,7.3,5.9,53.459999,219.970001,37.305504
12/30/2019,7.24,6.13,52.700001,217.309998,36.916508
12/31/2019,7.24,6.08,52.98,218.380005,37.172676
1/2/2020,7.46,6.31,53.950001,219.660004,37.134724
1/3/2020,7.32,5.88,53.759998,218.929993,36.935486
1/6/2020,7.12,5.85,54.040001,219.960007,36.888046
1/7/2020,7.13,5.52,54.16,218.520004,36.764706
1/8/2020,6.62,5.72,54.130001,221.789993,37.058823
1/9/2020,6.46,5.55,54.380001,225.190002,36.897533
1/10/2020,6.47,5.43,54.450001,224.220001,37.466793
1/13/2020,6.56,5.43,54.580002,223.339996,37.390892
1/14/2020,6.85,4.71,54.880001,222.809998,38.017078
1/15/2020,7.11,4.61,54.759998,224.589996,38.586338
1/16/2020,7.33,4.62,55.43,228.820007,38.529411
1/17/2020,7.28,4.75,55.130001,231.910004,38.434536
1/21/2020,7.18,4.59,55.220001,232.949997,38.273247
1/22/2020,6.97,4.56,54.720001,232.899994,38.130932
1/23/2020,6.8,4.62,54.98,233.649994,38.624287
1/24/2020,6.74,4.32,54.07,232,37.779884
1/27/2020,6.36,4.28,52.689999,231.190002,38.102467
1/28/2020,6.79,4.21,53.459999,233.860001,36.185959
1/29/2020,6.77,4.13,53.200001,234.020004,35.654648
1/30/2020,6.84,3.93,53.310001,232.789993,35.170776
1/31/2020,6.52,3.84,52.450001,228.100006,35.332069
2/3/2020,6.45,3.95,53.09,231.539993,35.588234
2/4/2020,6.65,4.07,54.040001,235,35.759014
2/5/2020,7,4.18,54.740002,238.110001,36.21442
2/6/2020,6.75,4.14,54.709999,238.839996,36.299809
2/7/2020,6.55,3.81,54.720001,237.300003,36.100571
2/10/2020,6.79,3.94,54.990002,240.610001,35.872864
2/11/2020,6.94,4.02,55.150002,241.639999,36.138519
2/12/2020,6.86,4.19,55.73,241.589996,35.806454
2/13/2020,7,4.11,55.310001,242.360001,35.037952
2/14/2020,7.1,4.02,55.470001,245.029999,34.639469
2/18/2020,7.04,4.06,55.450001,243.940002,34.459202
2/19/2020,7.31,4.15,55.439999,243.639999,34.373814
2/20/2020,7.76,4.14,55.509998,247.020004,34.013283
2/21/2020,7.46,4.04,54.68,245.339996,33.889942
2/24/2020,7.05,3.7,52.650002,239.699997,32.893738
2/25/2020,6.55,3.56,50.959999,237.380005,32.19165
2/26/2020,5.93,3.39,52.049999,235.279999,32.941177
2/27/2020,6.09,3.47,50.779999,224.729996,32.35294
2/28/2020,6.26,3.6,49.459999,217.839996,31.707781
3/2/2020,6.11,3.83,50.900002,229.940002,33.092979
3/3/2020,5.81,3.63,48.849998,227.940002,32.542694
3/4/2020,5.82,3.77,50.540001,241.080002,34.535103
3/5/2020,4.92,3.96,48,234.809998,33.643265
3/6/2020,4.53,3.92,47.369999,228.509995,33.225807
3/9/2020,3.85,3.7,46.009998,210.460007,32.030361
3/10/2020,4.2,4.23,48.580002,225.699997,32.817837
3/11/2020,3.64,4.14,44.720001,212.889999,30.521822
3/12/2020,2.91,3.98,39.799999,190.589996,28.481974
3/13/2020,3.22,4.59,47.93,205.669998,31.034157
3/16/2020,2.6,4.37,42.720001,164.960007,28.633776
3/17/2020,2.48,4.23,46.860001,173.639999,30.512335
3/18/2020,2.47,3.77,47.27,155.630005,30.702087
3/19/2020,3.37,4.19,45.07,161.130005,28.861481
3/20/2020,3.19,3.76,45.650002,152.149994,27.52372
3/23/2020,3.15,3.81,44.189999,162.389999,27.030361
3/24/2020,3.56,4.16,47.84,184.720001,28.178368
3/25/2020,3.46,4.17,45.939999,181.759995,28.225805
3/26/2020,3.7,4.41,50.48,195.210007,30.123341
3/27/2020,3.6,4.22,49.830002,190.550003,29.316889
3/30/2020,3.04,3.65,50.360001,196.100006,30.996204
3/31/2020,3.16,3.5,48.330002,186.710007,30.967743
4/1/2020,2.62,3.25,48.709999,178.630005,30.123341
4/2/2020,2.24,2.85,49.799999,181.309998,31.185959
4/3/2020,2.27,2.8,49.400002,178.699997,31.91651
4/6/2020,2.88,3.09,51.490002,191.330002,32.798862
4/7/2020,3.14,3.27,50.759998,192.289993,31.888046
4/8/2020,3.3,3.41,52.130001,194.820007,32.827324
4/9/2020,2.6,3.89,53.18,201.529999,33.576851
4/13/2020,2.08,4.74,52.970001,198.789993,33.339657
4/14/2020,2.18,5.95,54,207.169998,34.573055
4/15/2020,2.41,5.27,53.16,198.479996,34.127136
4/16/2020,2.44,5.03,53.700001,199.850006,34.041744
4/17/2020,3.2,4.88,54.619999,209.419998,35.018974
4/20/2020,3.18,5.61,53.91,206.050003,34.231499
4/21/2020,3.25,4.78,51.310001,200.610001,33.795067
4/22/2020,3.18,4.89,52.27,204.169998,34.392788
4/23/2020,3.11,4.7,51.970001,202.320007,34.810246
4/24/2020,3.05,4.77,53.009998,212.179993,35.464897
4/27/2020,3.36,5.82,53.369999,217.759995,36.366222
4/28/2020,4.14,5.64,53.200001,217.630005,35.967743
4/29/2020,5.19,6.04,53.880001,221.809998,36.166985
4/30/2020,4.92,5.73,52.970001,219.830002,36.394688
5/1/2020,4.57,6.05,51.790001,218.570007,35.711575
5/4/2020,4.3,5.48,51.75,221.839996,35.6926
5/5/2020,3.89,5.39,52.049999,225.610001,36.537003
5/6/2020,3.92,4.93,51.860001,223.919998,36.537003
5/7/2020,3.99,4.87,52.599998,229.449997,35.066414
5/8/2020,4.1,4.98,53.57,234.429993,35.313091
5/11/2020,5.32,4.76,53.529999,236.559998,36.148006
5/12/2020,5.12,4.54,52.27,232.899994,35.445919
5/13/2020,4.6,4.21,51.650002,230.100006,35.151802
5/14/2020,4.55,4.13,52.91,234.479996,35.97723
5/15/2020,4.52,4.22,52.919998,239.330002,35.825428
5/18/2020,4.72,4.58,53.150002,245.350006,36.119545
5/19/2020,4.56,4.44,52.34,238.100006,35.749527
5/20/2020,4.66,4.43,52.900002,238.190002,35.702087
5/21/2020,4.63,4.44,52.220001,240.880005,35.351044
5/22/2020,4.58,4.18,52.619999,241.880005,35.578747
5/26/2020,5.11,4.42,52.779999,242.479996,35.56926
5/27/2020,5.6,4.69,53.200001,247.360001,35.493359
5/28/2020,5.07,4.33,53.619999,245.139999,36.223907
5/29/2020,5.13,4.06,53.77,248.479996,36.233398
6/1/2020,5.31,4.13,53.060001,247.289993,33.643265
6/2/2020,5.59,4.18,53.279999,252.710007,34.3074
6/3/2020,5.45,4.44,53.490002,251,34.3074
6/4/2020,5.38,4.47,52.849998,248.949997,34.165085
6/5/2020,5.91,4.14,53.98,254.899994,34.146111
6/8/2020,6.45,5.01,55.099998,256.769989,34.71537
6/9/2020,5.99,4.96,54.18,256.76001,34.354839
6/10/2020,6.29,5.07,54.110001,254.449997,34.079697
6/11/2020,5.17,4.37,51.310001,239.470001,31.593927
6/12/2020,5.89,4.72,51.860001,242.449997,32.020874
6/15/2020,5.8,4.69,53.25,241.360001,31.650854
6/16/2020,5.56,4.64,54.59,249.949997,31.688805
6/17/2020,5.42,4.76,51.52,250.850006,31.840607
6/18/2020,5.63,4.95,53.689999,249.210007,31.537003
6/19/2020,5.52,4.88,54.400002,246.649994,31.707781
6/22/2020,5.33,4.87,55.119999,249.160004,31.413662
6/23/2020,5.1,4.83,55.189999,250.309998,31.091082
6/24/2020,4.79,4.41,54.439999,246.130005,30.540796
6/25/2020,4.27,4.46,54.529999,245.380005,30.664137
6/26/2020,4.18,4.35,54.18,241.009995,30.398481
6/29/2020,4.42,4.38,54.759998,246.119995,30.967743
6/30/2020,4.29,4.34,55.27,250.509995,31.024668
7/1/2020,4.57,4.44,55.490002,248.149994,32.011387
7/2/2020,4.53,4.29,55.939999,248.5,32.741936
7/6/2020,4.28,4.24,56.599998,249.550003,32.741936
7/7/2020,4.13,4.09,56.310001,247.350006,32.28653
7/8/2020,4.43,4.26,56.66,249.169998,32.020874
7/9/2020,4.57,4.21,57.529999,247.960007,31.745731
7/10/2020,4.6,4.34,57.389999,250.110001,32.096775
7/13/2020,4.26,4.26,57.009998,249.619995,33.406071
7/14/2020,4.22,4.08,57.200001,257.790009,33.425049
7/15/2020,4.5,4.19,56.619999,257.799988,33.889942
7/16/2020,4.38,4.17,55.82,258.079987,33.776093
7/17/2020,4.27,3.96,54.900002,260.380005,34.392788
7/20/2020,4.15,3.85,55.400002,260.170013,34.629982
7/21/2020,4.15,4.01,55.91,262.420013,34.810246
7/22/2020,4.03,4.11,56.009998,265.170013,36.584438
7/23/2020,4.06,4.11,55.759998,263.809998,36.442123
7/24/2020,4,4.03,55.650002,265.309998,35.730549
7/27/2020,3.87,4.01,55.34,267.420013,35.616699
7/28/2020,4.15,3.94,55.349998,265.279999,37.020874
7/29/2020,4.16,4.06,55.700001,264.660004,37.248577
7/30/2020,4.12,4.1,55.25,266.309998,36.755219
7/31/2020,4.04,4.01,55.450001,265.48999,36.508537
8/3/2020,4.11,4.15,55.98,266.179993,36.385201
8/4/2020,4.1,4.43,56,267.869995,36.423149
8/5/2020,4.15,4.63,55.5,267.480011,36.480076
8/6/2020,4.14,4.43,55.279999,269.369995,36.309299
8/7/2020,4.75,4.16,55.23,271.640015,36.480076
8/10/2020,4.47,4.33,54.939999,274.730011,36.423149
8/11/2020,4.56,4.35,54.27,274.920013,35.853889
8/12/2020,4.64,4.52,54.169998,281.579987,36.366222
8/13/2020,5.31,4.64,54.02,281.660004,36.21442
8/14/2020,5.54,4.75,54.200001,280.549988,36.110058
8/17/2020,5.6,4.63,53.990002,288.23999,36.385201
8/18/2020,5.35,4.81,55.18,285,36.394688
8/19/2020,5.39,4.72,56.200001,282.859985,36.299809
8/20/2020,5.69,4.61,55.259998,280.679993,36.736244
8/21/2020,5.19,5.03,55.189999,283.230011,36.888046
8/24/2020,5.41,4.87,56.009998,286.75,36.850094
8/25/2020,5.54,4.98,56.09,286.130005,36.442123
8/26/2020,5.6,5.11,57.490002,291.929993,36.100571
8/27/2020,6.52,5.25,57.18,288.630005,35.920303
8/28/2020,6.3,5.39,57.880001,286.290009,35.967743
8/31/2020,5.88,6.68,57.220001,285.040009,35.853889
9/1/2020,6.07,7.65,57.66,285.940002,34.990513
9/2/2020,7.04,7.71,59.029999,287.200012,35.294117
9/3/2020,6.6,7.82,57.099998,274.630005,34.535103
9/4/2020,7.02,7.65,55.73,269.660004,34.497154
9/8/2020,6.42,7.7,55.32,269.26001,34.089184
9/9/2020,6.26,7.35,56.950001,277.040009,34.326378
9/10/2020,5.94,6.23,57.330002,272.700012,33.823528
9/11/2020,5.79,6.09,57,276.329987,34.222012
9/14/2020,5.54,6.91,59.459999,280.649994,35.113853
9/15/2020,5.52,7.09,60.939999,285.579987,35.066414
9/16/2020,5.76,8.68,60.43,281.630005,34.895638
9/17/2020,5.72,9.2,60.18,279.959991,34.933586
9/18/2020,5.67,9.47,59.75,275.190002,34.753323
9/21/2020,5.32,8.75,60.82,272.350006,34.174572
9/22/2020,5.21,10.56,60.619999,273.309998,34.392788
9/23/2020,4.78,10.04,58.959999,266.549988,34.155598
9/24/2020,4.61,9.14,59.299999,265.700012,33.927895
9/25/2020,4.88,10.02,59.799999,268.549988,34.203037
9/28/2020,4.91,10.09,59.580002,272.329987,34.525616
9/29/2020,4.86,10.35,59.470001,272.109985,34.316887
9/30/2020,4.71,10.2,59.700001,277.709991,34.819733
10/1/2020,4.65,9.77,59.68,277.619995,34.506641
10/2/2020,4.65,9.39,58.830002,279.309998,34.516129
10/5/2020,4.13,9.46,59.560001,282.100006,34.867172
10/6/2020,4.06,9.13,59.509998,276.470001,34.316887
10/7/2020,4.04,9.36,60.59,282.790009,34.601517
10/8/2020,4.14,13.49,60.889999,284.519989,35
10/9/2020,4.05,12.02,61.150002,285.920013,34.905125
10/12/2020,4.08,11.8,61.459999,286.910004,34.933586
10/13/2020,3.54,11.88,60.970001,290.359985,35.009487
10/14/2020,2.96,12.25,60.959999,287.089996,34.971539
10/15/2020,2.78,13.83,60.52,287.540009,34.677418
10/16/2020,3.04,13.31,60.290001,287.660004,36.005692
10/19/2020,3.54,13.91,59.619999,283.730011,35.863377
10/20/2020,3.09,13.86,59.75,286.040009,35.56926
10/21/2020,3,14.1,59.669998,284.51001,35.180267
10/22/2020,3.12,14.91,59.689999,281.160004,35.512333
10/23/2020,2.97,15,59.900002,283,36.223907
10/26/2020,2.75,13.45,57.490002,276.040009,35.97723
10/27/2020,2.79,12.69,57.080002,276.839996,35.512333
10/28/2020,2.61,11.82,55.59,269.720001,33.633778
10/29/2020,2.52,11.73,56.02,269.630005,33.472485
10/30/2020,2.36,10.47,56.110001,266.709991,33.662239
11/2/2020,2.15,10.75,56.450001,270.73999,34.373814
11/3/2020,2.34,11.57,56.799999,277.369995,34.335861
11/4/2020,2.31,10.91,56.490002,282.720001,35.417458
11/5/2020,2.46,11.45,56.66,285.850006,34.525616
11/6/2020,2.49,11.86,56.799999,284.23999,34.535103
11/9/2020,3.77,11.49,56.84,269.970001,37.19165
11/10/2020,3.51,11.1,56.669998,275.570007,36.698292
11/11/2020,3.13,11.75,57.200001,277.75,36.527515
11/12/2020,2.94,11.13,56.450001,276.23999,35.626186
11/13/2020,2.97,11.01,56.91,277.170013,36.641365
11/16/2020,3.11,12.06,57.150002,279.570007,35.417458
11/17/2020,2.98,11.63,57.119999,272.470001,36.040001
11/18/2020,3.26,11.57,56.25,269.829987,36.32
11/19/2020,3.19,12.46,56.450001,270.929993,36.189999
11/20/2020,3.35,12.71,55.700001,269.809998,36.700001
11/23/2020,3.81,13.9,56.080002,271.399994,36.52
11/24/2020,4.58,13.67,57.57,273.309998,36.599998
11/25/2020,4.49,14.75,57.41,273.959991,36.529999
11/27/2020,4.45,16.08,57.759998,275.98999,37.23
11/30/2020,4.27,16.559999,57.720001,277.410004,38.310001
12/1/2020,4.15,15.8,58.740002,276.600006,39.41
12/2/2020,4.32,16.58,59.080002,271.100006,40.799999
12/3/2020,3.63,16.120001,59.27,268.140015,40.09
12/4/2020,3.51,16.9,59.959999,263.98999,40.34
12/7/2020,3.56,16.35,59.799999,262.640015,41.25
12/8/2020,3.98,16.940001,59.029999,261.720001,42.560001
12/9/2020,3.86,13.66,59.73,265.579987,41.849998
12/10/2020,4.09,14.12,59.48,264.809998,41.73
12/11/2020,3.92,13.31,60.610001,264.549988,41.119999
12/14/2020,3.19,12.72,60.759998,265.579987,39.209999
12/15/2020,2.86,13.85,61.860001,267.980011,38.709999
12/16/2020,2.78,13.85,62.779999,269.589996,37.84
12/17/2020,2.85,14.83,63.610001,273.970001,38.029999
12/18/2020,2.8,15.63,65.059998,270.450012,37.68
12/21/2020,2.68,15.53,64.480003,270.98999,37.380001
12/22/2020,2.59,19.459999,65.150002,270.040009,36.740002
12/23/2020,2.56,20.57,65.300003,269.809998,37.439999
12/24/2020,2.51,20.15,64.959999,270.920013,37.27
12/28/2020,2.39,20.99,64.870003,269.25,36.82
12/29/2020,2.29,19.379999,64.459999,266.190002,37.049999
12/30/2020,2.16,19.26,64.400002,265.26001,36.740002
12/31/2020,2.12,18.84,64.690002,265.619995,36.810001
1/4/2021,2.01,17.25,63.75,263.920013,36.810001
1/5/2021,1.98,17.370001,62.959999,266.049988,37.189999
1/6/2021,2.01,18.360001,62.57,267.570007,36.869999
1/7/2021,2.05,18.08,63.07,266.26001,37.060001
1/8/2021,2.14,17.690001,63.380001,269.089996,37.130001
1/11/2021,2.2,19.940001,63.029999,271.230011,37.77
1/12/2021,2.29,19.950001,62.419998,276.329987,37.18
1/13/2021,2.18,31.4,62.060001,274.049988,36.860001
1/14/2021,2.18,39.91,61.599998,268.339996,36.75
1/15/2021,2.33,35.5,61.779999,275.589996,36.700001
1/19/2021,3.06,39.360001,61.290001,273.190002,36.73
1/20/2021,2.97,39.119999,61.560001,274.299988,36.5
1/21/2021,2.98,43.029999,61.209999,279.049988,36.48
1/22/2021,3.51,65.010002,60.360001,284,36.549999
1/25/2021,4.42,76.790001,60.900002,285.079987,37.279999
1/26/2021,4.96,147.979996,61.799999,282.600006,37.310001
1/27/2021,19.9,347.51001,62.549999,274.049988,36.240002
1/28/2021,8.63,193.600006,61.220001,278.049988,35.860001
1/29/2021,13.26,325,60.43,270.820007,35.900002
2/1/2021,13.3,225,61.509998,270.070007,35.799999
2/2/2021,7.82,90,62.369999,272.160004,34.990002
2/3/2021,8.97,92.410004,62.169998,274.170013,34.84
2/4/2021,7.09,53.5,63.349998,278.820007,34.889999
2/5/2021,6.83,63.77,63.599998,278.859985,34.919998
2/8/2021,6.18,60,63.110001,280.029999,34.82
2/9/2021,5.5,50.310001,63.669998,276.769989,34.970001
2/10/2021,5.8,51.200001,63.27,278.690002,34.740002
2/11/2021,5.61,51.099998,62.700001,277.059998,34.43
2/12/2021,5.59,52.400002,63.080002,277.51001,34.720001
2/16/2021,5.65,49.509998,62.139999,275.390015,34.689999
2/17/2021,5.55,45.939999,62.09,280.920013,34.889999
2/18/2021,5.51,40.689999,62.07,283.049988,34.560001
2/19/2021,5.7,40.59,61.130001,279.640015,34.439999
2/22/2021,6.55,46,64.449997,275.850006,34.259998
2/23/2021,7.7,44.970001,64.5,267.23999,33.91
2/24/2021,9.09,91.709999,64.699997,259.970001,33.75
2/25/2021,8.29,108.730003,65.300003,255.25,33.82
